,place,title,date,
8977,Carnoustie,Scotland'S Civic Splendour,1950-08-14,https://www.britishnewspaperarchive.co.uk/viewer/bl/0000564/19500814/015/0002
8989,Carnoustie,Hard Court Titles At St Andrews,1950-08-14,
9019,Carnoustie,Angling.,1950-08-14,
9025,Carnoustie,Curtis Cup Players End All-Square,1950-08-14,https://www.britishnewspaperarchive.co.uk/viewer/bl/0000564/19500814/064/0004
9029,Carnoustie,"His ""Eden"" Double",1950-08-14,
9040,Carnoustie,Cup-Tie Shadows Worry Juniors,1950-08-14,
9068,Carnoustie,Child Rider Hurt At Gymkhana,1950-08-14,
,,County Cup Pairings,1950-08-07,https://www.britishnewspaperarchive.co.uk/viewer/bl/0000564/19500807/087/0005
,,Golf,1950-08-07,https://www.britishnewspaperarchive.co.uk/viewer/bl/0000564/19500807/027/0002