,place,title,date,
9726,Arbroath,Guard Of Brownies For Arbroath Bride,1950-08-28,https://www.britishnewspaperarchive.co.uk/viewer/bl/0000564/19500828/009/0002
9735,Arbroath,Trophy For Best Clova Sheepdog,1950-08-28,https://www.britishnewspaperarchive.co.uk/viewer/bl/0000564/19500828/023/0002
9737,Arbroath,Mac Bailey’S Record Furlong,1950-08-28,https://www.britishnewspaperarchive.co.uk/viewer/bl/0000564/19500828/027/0002
9738,Arbroath,Janitor Hurt In School Explosion,1950-08-28,https://www.britishnewspaperarchive.co.uk/viewer/bl/0000564/19500828/028/0003
9756,Arbroath,Chop-And-Change Team Leads,1950-08-28,https://www.britishnewspaperarchive.co.uk/viewer/bl/0000564/19500828/045/0004
9763,Arbroath,Another Title For R.D. Mills,1950-08-28,https://www.britishnewspaperarchive.co.uk/viewer/bl/0000564/19500828/046/0004
9774,Arbroath,The Score-Board,1950-08-28,https://www.britishnewspaperarchive.co.uk/viewer/bl/0000564/19500828/051/0004
9780,Arbroath,Dundee Masonic Kink’S Success,1950-08-28,https://www.britishnewspaperarchive.co.uk/viewer/bl/0000564/19500828/055/0004
9794,Arbroath,Lewes Runners,1950-08-28,https://www.britishnewspaperarchive.co.uk/viewer/bl/0000564/19500828/067/0005
9795,Arbroath,How They Stand,1950-08-28,https://www.britishnewspaperarchive.co.uk/viewer/bl/0000564/19500828/068/0005
9798,Arbroath,Mid-Week Games Hold The Answer,1950-08-28,https://www.britishnewspaperarchive.co.uk/viewer/bl/0000564/19500828/070/0005
,Arbroath,"16,000 Hands To Help The Harvest
",1950-08-10,https://www.britishnewspaperarchive.co.uk/viewer/bl/0000564/19500810/065/0004