,place,title,date,
8979,Thistle Harriers' Record-Breaker,Scotland'S Civic Splendour,1950-08-14,
8992,Monifieth,Thistle Harriers' Record-Breaker,1950-08-14,https://www.britishnewspaperarchive.co.uk/viewer/bl/0000564/19500804/020/0002
9012,Monifieth,Golfers' Scores Rejected,1950-08-14,
9018,Monifieth,Angling.,1950-08-14,https://www.britishnewspaperarchive.co.uk/viewer/bl/0000564/19500807/068/0004
9027,Monifieth,"His ""Eden"" Double",1950-08-14,
9042,Monifieth,Cup-Tie Shadows Worry Juniors,1950-08-14,
9062,Monifieth,Wedding Of Teacher From Monifieth,1950-08-14,
,,Star Golfers To Play At Pitlochry,1950-08-07,https://www.britishnewspaperarchive.co.uk/viewer/bl/0000564/19500807/073/0004
,,Round-The-Clock Golf,1950-08-07,https://www.britishnewspaperarchive.co.uk/viewer/bl/0000564/19500807/070/0004