,place,title,date,
9133,Brechin,Brechin Riled At Grading Complaint,1950-08-16,
9136,Brechin,Brechin Vics Go Nap,1950-08-16,
9153,Brechin,Livestock Prices Dundee.,1950-08-16,
9160,Brechin,Dundee Police Lose Bowling Final,1950-08-16,https://www.britishnewspaperarchive.co.uk/viewer/bl/0000564/19500816/070/0004
9162,Brechin,Big County In Benefit Match,1950-08-16,
9171,Brechin,To-Night'S Card And Refs,1950-08-16,
9177,Brechin,Hibs Hit St Mirren,1950-08-16,
9180,Brechin,Harvest Fuel Bill Jumps,1950-08-16,https://www.britishnewspaperarchive.co.uk/viewer/bl/0000564/19500816/089/0006
,,Midlands Player Beaten,1950-08-09,https://www.britishnewspaperarchive.co.uk/viewer/bl/0000564/19500809/021/0002
,,ß,1950-08-09,https://www.britishnewspaperarchive.co.uk/viewer/bl/0000564/19500825/086/0005